Name,Number,Price,Store
,,,
# SPIRITS & RTDS,,,
,,,
,,,
Authentic Wine & Spirits,,,
Benromach 10,74548,$74.99,
Empress cocktail - Bitter Bianca,645085,$48.99,
Empress cocktail - Elderflower Rose,283966,$35.49,YES
,,,
Don Julio Tequila,,,
Don Julio 70,445133,$117.99,
,,,
Drinks With Friends,,,
SATVRNAL Gin no.4 (mexico),262681,$75.00,
SATVRNAL vodka (Mexico),262686,$65.00,
CASCAHU√çN tequila blanco,267939,$72.00,
,,,
Montis Distilling,,,
North Vodka,148092,$41.00,
Alpine Gin,148089,$45.00,YES
Alpenglow Gin,10152,$45.00,
Cloud 9 Gin,245368,$49.00,
Limited Edition Gin,148086,$49.00,
Winter Spirit,99695,$52.00,YES
,,,
Please Beverage Company,,,
Margarita (Classic) - 4 pack can ,248079,$18.00,
Paloma - 4 pack can ,270515,$18.00,
Margarita (Strawberry) - 4 pack can ,270510,$18.00,
Mango Coconut Pandan Vodka - singles ,278344,$4.50,
Raspberry Mint Gin - singles ,310282,$4.50,
,,,
Proximo Spirits Canada,,,
Maestro Dobel Christilino Tequila,173633,$67.99,
Bushmills 12yr Single Malt Irish Whisky,499175,$62.99,
Pendleton 1910 Whisky,627174,$55.99,
Jose Cuervo Devil's Reserve,290398,$34.99,
,,,
Sweetwater Distilling Co.,,,
Mt. Erskine Vodka - 750ml ,360001,$49.99,
Honeyberry Forest Gin - 750ml,360004,$56.99,YES
Mrs. Fendall's Gin - 750ml,360019,$56.99,
Nocino - 750ml,360027,$56.99,YES
Barrel Aged Gin - 375ml,355350,$41.99,
Apple Brandy - 375ml,365364,$39.99,
,,,
Tofino Distillery,,,
Westcoast Whiskey,357291,$65.00,YES
Psychadelic Jellyfish Absinthe,201135,$65.00,YES
Old Growth Cedar Gin,216733,$43.00,
Espresso Vodka,190862,$43.00,
Limoncello,55175,$43.00,