Name,Number,Price
,,
## Glass of Bubbly? Check out our Bubbles Corner for Sparkling Wines,,
,,
Arterra Wines Canada,,
See Ya Later Ranch Sparkling Brut,75648,$24.99
,,
Authentic Wine & Spirits Merchants,,
Masi Modello Prosecco,161591,$24.99
,,
Clearsips - Non Alcoholic,,
Oddbird Spumante,,$18.50
,,
Dirty Laundry Vineyard,,
Cellar Series Brust Rosè,398354,$29.99
,,
Enrico Winery,,
Celebration,746248,$27.00
,,
Hugging Tree Winery,,
Méthode Traditionelle 100% Blanc-de-Blancs,366628,$45.00
,,
Revelry Import Company,,
Evolve White Effervescence,538652,$25.00
,,
River Stone Estate Winery,,
2023 Sparkling White Merlot,268134,$27.90
,,
Vasanti Estate Winery,,
2023 Paradise Bubbles,373855,$24.99
,,
,,
## Whistler Winetastic 7:30pm-10:00pm Tasting,,
,,
Arterra Wines Canada,,
See Ya Later Ping,220145,$26.99
NK'Mip Talon,374884,$32.99
Laughing Stock Pinot Gris,197988,$21.99
Culmina Decora Riesling,389125,$23.99
,,
Artwine,,
"Old Main Red, Kettle Valley",553123,$30.00
"Pinot Gris, Kettle Valley",620443,$18.00
"Caboose, Kettle Valley",142794,$18.00
"GSM, Pentage",375358,$30.00
"Hiatus, Pentage",375372,$21.00
"Rhone White, Pentage",375389,$26.00
,,
Authentic Wine & Spirits Merchants,,
The Ned Sauv Blanc Black Label,16964,$20.99
Pascual Toso Rose,107378,$12.49
Masi Bonacosta Valpolicella,285585,$19.99
Michele Chiarlo Le Orme Barbera D'Asti,872788,$24.49
Empress 1908 Cucumber Lemon Gin,322076,$54.99
Benromach 10,74548,$74.99
,,
Bordertown Vineyards & Estate Winery,,
Living Desert White 2023,53135,$18.00
Pinot Gris 2023,237269,$20.00
Merlot 2019,109747,$24.00
Cabernet Franc 2021,237266,$25.00
Hard Pressed Cider,163381,$4.50
,,
Burrowing Owl Estate Winery,,
Chardonnay,417683,n/a
Pinot Noir,556613,n/a
Syrah,877217,n/a
Athene,178897,n/a
,,
"Burrows, Luango & Associates Inc.",,
SHIRAZ - SERAFINO BLACK LABEL MCLAREN VALE,93260,$27.99
CABERNET SHIRAZ - SERAFINO VINEYARD SELECTION MCLAREN VALE,192752,$21.49
CABERNET SHIRAZ - SERAFINO VINEYARD SELECTION MCLAREN VALE,192755,$21.49
GSM - SERAFINO BLACK LABEL MCLAREN VALE,297493,$27.99
EDRADOUR - 10 YEAR OLD,862086,$105.99
RUSSO LIMONCELLO,471623,$37.99
,,
Clearsips,,
Oddbird Spumante,,$18.50
L'arjolle Sauvignon Blanc Viognier,,$16.33
L'arjolle Sparkling Rose,,$17.50
L'arjolle Merlot Grenach,,$16.33
NOA Sparkling Wine Beverage,,$3.71
,,
BCWineShop,,
Alderlea Pinot Gris,701274,$23.00
Alderlea Sauv Blanc,72660,$24.00
AlderleaPinot Noir,713156,$30.00
Township 7 Sauv Blanc,34355,$24.97
Township 7 Chardonny,726521,$25.97
Township 7 Cab Sauv,34694,$34.00
,,
Dirty Laundry Vineyards,,
Hush Rosé,767103,$20.99
Pinot Gris Crafted in BC,299407,$21.99
Kay Syrah,231506,$29.99
Let's Get Fizzical,451498,$21.99
,,
Domaine Artema,,
Chardonnay Village,329563,$35.00
Rouge,329147,$30.00
Rose,328909,$30.00
Gamay Village,328912,$35.00
,,
Enrico Winery,,
TEMPEST ORTEGA,17186,$24.75
CORONET PETITE MILO,151137,$28.50
ROSE RED DRAGON,838854,$24.75
CORIVESSE',363221,$28.50
JOUSTING KNIGHTS,29757,$28.50
,,
Hugging Tree Winery,,
Moonchild Merlot,767558,$27.00
Telltale Meritage,296350,$35.00
Pinot Gris,389318,$22.00
,,
Kalala Organic Winery,,
Harmony White 2023,877928,$23.23
Pinot Gris 2022,744607,$24.38
Harmony Red 2021,831701,$25.54
Zweigelt 2021,89326,$28.99
Aspire 2015,548693,$34.74
,,
Lakeside Cellars,,
Portage White,83940,$18.70
Rose,14299,$18.75
Cab Merlot,237848,$19.50
Pinot Noir,84390,$24.07
Pink Bubby Cans,372464,$5.82
White Bubby Cans,372456,$5.82
,,
Mythology Vineyard,,
Mythology Pinot Gris 2022,307962,$24.00
Mythology Sauvignon Blanc Semillon,269517,$25.00
Mythology White Merlot 2022,307822,$27.00
Mythology Call Pinot Noir 2020,307733,$27.00
Mythology Cabernet Franc 2020,344540,$27.00
Mythology Syrah 2018,307816,$35.00
,,
Revelry Import Company,,
Hester Creek Cabernet Sauvignon,388439,$35.00
Chronos Riesling,389285,$23.00
Chronos Cabernet Franc,458673,$40.00
Noble Ridge The One sparkling,74198,$35.00
Noble Ridge Reserve Pinot Noir,58049,$35.00
,,
River Stone Estate Winery,,
2022 Rose,431765,$24.90
2023 Sparkling White Merlot,269134,$27.90
2020 Merlot,53698,$30.90
2020 Stones Throw,4754,$36.90
,,
Terralux State Winery,,
2018 Meritage,418219,$34.99
2020 Viognier,418231,$29.49
2020 Reserve Chardonnay,418239,$39.99
2019 Reserve Cabernet Sauvignon,435027,$58.99
,,
Tightrope Winery,,
2023 Riesling,334573,$26.00
2022 Chardonnay,208427,$30.00
2023 Rosé,536375,$25.00
2022 Pinot Noir Rubis,50711,$36.00
2021 Cabernet Franc,146189,$34.00
,,
VIAVINO ROSSO,369766,$12.99
VIAVINO ROSATO,369772,$12.99
VIAVINO BIANCO,369775,$12.99
,,
Vasanti Estate Winery,,
2023 Paradise Bubbles,373855,$24.99
2023 Pinot Gris,373863,$21.99
2022 Cabernet Sauvignon Rose,356314,$27.99
2022 Gamay Noir,373858,$29.99
2021 Merlot,356293,$34.99
,,
Whistler Wine Merchants,,
Lakeboat Chardonnay,394721,$26.95
Lakeboat Pinot Noir,394737,$29.95
The Wine Umbrella Co-Syrah,194694,$39.95
Volcanic Hills Granite Red,581314,$22.95
Volcanic Magma Red,772707,$25.09
Volcanic Hills Merlot,43851,$38.09